,National Administrator,Account Type,Account Holder Name,Installation/Aircraft ID,Installation Name/Aircraft Operator Code*,Company Registration No,Permit/Plan ID,Permit/Plan Date,Main Activity Type,Latest Compliance Code
0,Austria,Aircraft Operator Account,Jetalliance Flugbetriebs GmbH,200103,27702,FN 203001g,BMLFUW-UW.1.3.2/0354-V/4/2009,2010-01-01,Aircraft operator activities,C
1,Austria,Aircraft Operator Account,Glock GmbH,200108,194,FN64142b,BMFLUW-UW.1.3.2/0084-V/4/2010,2010-01-01,Aircraft operator activities,A
2,Austria,Aircraft Operator Account,Glock Services GmbH,200109,36057,FN329154a,UW.1.3.2/0085-V/4/2011,2010-01-01,Aircraft operator activities,A
3,Austria,Aircraft Operator Account,Austrian Airlines AG,200146,440,111 000k,BMNT-UW.1.3.2/0189-IV/1/2019,2010-01-01,Aircraft operator activities,A
4,Austria,Aircraft Operator Account,Tupack Verpackungen Gesellschaft m.b.H.,200165,28567,60238 k,BMLFUW-UW.1.3.2/0130-V/4/2010,2010-01-01,Aircraft operator activities,A
5,Austria,Aircraft Operator Account,Air Charter Limited,200180,209,FL-0001.021.205-3,BMFLUW-UW.1.3.2/0372-V/4/2009,2010-01-01,Aircraft operator activities,A
6,Austria,Aircraft Operator Account,International Jet Management GmbH,200265,30323,242653v,BMFLUW-UW.1.3.2/0255-V/4/2010,2009-01-01,Aircraft operator activities,A
7,Austria,Aircraft Operator Account,NIKI Luftfahrt GmbH,200433,29932,FN230533w,BMLFUW-UW.1.3.2/0261-V/4/2013,2010-01-01,Aircraft operator activities,C
8,Austria,Aircraft Operator Account,Ingrid Flick,200442,1178,BMLFUW-UW.1.3.2/0010-V/4/2011,2010-01-01,Aircraft operator activities,A,
9,Austria,Aircraft Operator Account,InterSky Luftfahrt GmbH,201018,28512,FN 215648 f,BMLFUW-UW.1.3.2/0030-V/4/2011,2010-01-01,Aircraft operator activities,C
10,Austria,Operator Holding Account,AGRANA Stärke GmbH,47,AGRANA Gmünd,FN 252477 s,ILE166,2005-01-26,Combustion of fuels,A
11,Austria,Operator Holding Account,AGRANA Stärke GmbH,50,AGRANA Aschach,FN 252477 s,ILE165,2005-10-18,Combustion of fuels,A
12,Austria,Operator Holding Account,AGRANA Zucker GmbH,51,AGRANA Tulln,FN 51929 t,ILE161,2005-07-01,Combustion of fuels,A
13,Austria,Operator Holding Account,AGRANA Zucker GmbH,48,AGRANA Leopoldsdorf,FN 51929 t,ILE163,2005-12-13,Combustion of fuels,A
14,Austria,Operator Holding Account,AGRANA Zucker GmbH,49,AGRANA Hohenau,FN 51929 t,ILE162,2004-01-02,Combustion installations with a rated thermal input exceeding 20 MW,C
15,Austria,Operator Holding Account,Borealis Agrolinz Melamine GmbH,25,Borealis Agrolinz Melamine GmbH,FN 78587 w,ICH114,2005-07-21,Combustion of fuels,A
16,Austria,Operator Holding Account,AMAG Service GmbH,41,AMAG Service Ranshofen,FN 114723 k,IMS193,2005-05-30,Combustion of fuels,A
17,Austria,Operator Holding Account,Calmit GmbH,1,Calmit Bad Ischl,FN 87132 k,IKA119,2005-06-01,"Production of lime, or calcination of dolomite/magnesite",A
18,Austria,Operator Holding Account,Borealis Polyolefine GmbH,118,Borealis Schwechat,FN 125430g,ICH109,2005-01-12,Production of bulk chemicals,A
19,Austria,Operator Holding Account,Breitenfeld Edelstahl AG,2,Breitenfelder Edelstahl Mitterdorf,FN 74471 t,IES069,2005-11-23,Production of pig iron or steel,A
20,Austria,Operator Holding Account,GA Immobilien GmbH,106,Glanzstoff St. Pölten,FN 114787 f,ICH105,2005-01-25,Combustion installations with a rated thermal input exceeding 20 MW,A
21,Austria,Operator Holding Account,Cogeneration-Kraftwerke Management Oberösterreich GmbH,83,CMOÖ GuD Anlage Laakirchen,FN 90934 b,IPA102,2005-04-14,Combustion of fuels,A
22,Austria,Operator Holding Account,Zementwerk Hatschek GmbH,31,Zementwerk Hatschek GmbH,FN 160460 x,IZE077,2004-01-01,Production of cement clinker,A
23,Austria,Operator Holding Account,F.M. Hämmerle Textil Produktion und Vertrieb GmbH,37,F.M. Hämmerle Dornbirn,FN 334036 f,ICH203,2004-01-02,Combustion installations with a rated thermal input exceeding 20 MW,C
24,Austria,Operator Holding Account,Energie Steiermark Wärme GmbH,108,Energie Steiermark - FHKW Thondorf,FN 57546 b,EFE038,2004-01-01,Combustion of fuels,A
25,Austria,Operator Holding Account,FunderMax GmbH,5,FunderMax Wr. Neudorf,FN 90081 y,ICH113,2004-01-02,Combustion of fuels,A
26,Austria,Operator Holding Account,Ziegelwerk Danreiter GmbH & Co KG,3,Ziegelwerk Danreiter Ried im Innkreis,FN 18162 i,IZI155,2004-01-01,Manufacture of ceramics,A
27,Austria,Operator Holding Account,Patheon Austria GmbH & CoKG,59,DSM Fine Chemicals Austria Linz,FN 200540 m,ICH112,2006-03-29,Combustion of fuels,A
28,Austria,Operator Holding Account,Metadynea Austria GmbH,53,Metadynea Austria - Krems,FN 189206 w,ICH108,2005-08-08,Production of bulk chemicals,A
29,Austria,Operator Holding Account,M. Kaindl GmbH,69,Kaindl Holzindustrie Wals,FN567823i,IHO192,2004-01-01,Combustion of fuels,A
30,Austria,Operator Holding Account,Wienerberger Österreich GmbH,4,Wienerberger Blindenmarkt,FN 94684 t,IZI146-1,2004-01-02,"Installations for the manufacture of ceramic products by firing, in particular roofing tiles, bricks, refractory bricks, tiles, stoneware or porcelain",C
31,Austria,Operator Holding Account,Energie AG Oberösterreich Erzeugung GmbH,76,KW Timelkam III,FN 291377 x,EEW003,2004-01-02,Combustion of fuels,A
32,Austria,Operator Holding Account,Energie AG Oberösterreich Erzeugung GmbH,78,Energie AG OÖ HKW Kirchdorf,FN 291377 x,EFE017,2004-01-02,Combustion of fuels,A
33,Austria,Operator Holding Account,Energie AG Oberösterreich Erzeugung GmbH,79,Energie AG Kraftwerk Riedersbach,FN 291377 x,EEW001,2004-01-01,Combustion of fuels,A
34,Austria,Operator Holding Account,Kirchdorfer Zementwerk Hofmann GmbH,91,Kirchdorfer Zementwerk Hofmann GmbH,FN 121253 p,IZE074,2004-01-01,Production of cement clinker,A
35,Austria,Operator Holding Account,Energie AG Oberösterreich Erzeugung GmbH,80,Energie AG Kraftwerk Timelkam II,FN 291377 x,EEW002,2004-01-01,Combustion of fuels,A
36,Austria,Operator Holding Account,Energie-Contracting Steyr GmbH,81,ENERGIE-Contracting Steyr GmbH,FN 209561 d,IMS200,2005-04-07,Combustion of fuels,A
37,Austria,Operator Holding Account,Profibaustoffe Austria GmbH,42,Ernstbrunner Kalktechnik Ernstbrunn,FN 69279 g,IKA118,2005-04-01,"Production of lime, or calcination of dolomite/magnesite",A
38,Austria,Operator Holding Account,Lafarge Zementwerke GmbH,61,Lafarge Perlmooser Retznei,FN 346878s,IZE073,2004-01-01,Production of cement clinker,A
39,Austria,Operator Holding Account,WIEN ENERGIE GmbH,18,Wien Energie - FHKW Süd Inzersdorf,FN 215854h,EFE043,2004-12-22,Combustion of fuels,A
40,Austria,Operator Holding Account,Lafarge Zementwerke GmbH,63,Lafarge Perlmooser Mannersdorf,FN 346878s,IZE072,2004-01-01,Production of cement clinker,A
41,Austria,Operator Holding Account,WIEN ENERGIE GmbH,19,Wien Energie - FHKW Kagran,FN 215854h,EFE044,2004-12-23,Combustion of fuels,A
42,Austria,Operator Holding Account,Lias Österreich GesmbH,121,Lias Fehring,FN 200408 v,IZI201,2004-01-02,Manufacture of ceramics,A
43,Austria,Operator Holding Account,WIEN ENERGIE GmbH,20,Wien Energie - FW Leopoldau,FN 215854h,EFE045,2004-12-29,Combustion of fuels,A
44,Austria,Operator Holding Account,LINZ STROM GAS WÄRME GmbH,43,Linz Strom FHKW Mitte,FN 199533 g,EEW021,2004-01-01,Combustion of fuels,A
45,Austria,Operator Holding Account,WIEN ENERGIE GmbH,21,FHKW Arsenal Fernwärme Wien,FN 215854h,EFE046,2004-12-30,Combustion of fuels,A
46,Austria,Operator Holding Account,LINZ STROM GAS WÄRME GmbH,46,Linz Strom FHKW Süd,FN 199533 g,EEW023,2004-01-01,Combustion of fuels,A
47,Austria,Operator Holding Account,LINZ STROM GAS WÄRME GmbH,45,FHKW Dornach Linz AG Linz,FN 199533 g,EFE036,2004-01-02,Combustion of fuels,A
48,Austria,Operator Holding Account,WIEN ENERGIE GmbH,122,Wien Energie - FHKW Spittelau,FN 215854h,EFE042,2004-12-27,Combustion of fuels,A
49,Austria,Operator Holding Account,OMV Downstream GmbH,26,OMV Raffinerie Schwechat,FN 185462 p,EMV061,2004-01-02,Refining of mineral oil,A
50,Austria,Operator Holding Account,OMV Austria Exploration & Production GmbH,27,OMV AUT Gasstation Aderklaa II,FN 241929 d,EMV059,2004-01-02,Combustion of fuels,A
51,Austria,Operator Holding Account,OMV Austria Exploration & Production GmbH,28,OMV AUT Gasstation Aderklaa I,FN 241929 d,EMV060,2004-01-02,Combustion of fuels,A
52,Austria,Operator Holding Account,AustroCel Hallein GmbH,120,Austrocel Hallein GmbH,FN 184407 m,IPA089,2004-01-01,Production of pulp,A
53,Austria,Operator Holding Account,Smurfit Kappa Nettingsdorf AG & Co KG,87,Smurfit Kappa Nettingsdorf,FN 200265 h,IPA090,2004-01-01,Production of paper or cardboard,A
54,Austria,Operator Holding Account,Herbert Pexider Gesellschaft m.b.H.,109,Herbert Pexider GmbH Teufenbach,FN 81176 b,IZI137,2004-01-01,Manufacture of ceramics,A
55,Austria,Operator Holding Account,Constantia Teich GmbH,62,Constantia Teich GmbH - Weinburg,FN 92993 f,IMS199,2004-01-01,Combustion of fuels,A
56,Austria,Operator Holding Account,"Salzburg AG für Energie, Verkehr und Telekommunikation",32,Salzburg AG FHKW Mitte,FN 51350 s,EEW024,2004-01-01,Combustion of fuels,A
57,Austria,Operator Holding Account,"Salzburg AG für Energie, Verkehr und Telekommunikation",33,Salzburg AG FHKW Nord,FN 51350 s,EEW025,2004-01-01,Combustion of fuels,A
58,Austria,Operator Holding Account,"Salzburg AG für Energie, Verkehr und Telekommunikation",34,Salzburg AG FHKW West Salzburg,FN 51350 s,EEW26-1,2004-01-02,Combustion installations with a rated thermal input exceeding 20 MW,C
59,Austria,Operator Holding Account,"Salzburg AG für Energie, Verkehr und Telekommunikation",35,Salzburg AG HW Süd Salzburg,FN 51350 s,EFE035,2004-01-02,Combustion installations with a rated thermal input exceeding 20 MW,A
60,Austria,Operator Holding Account,Wienerberger Österreich GmbH,65,Wienerberger Gleinstätten,FN 94684 t,IZI131,2004-01-01,Manufacture of ceramics,A
61,Austria,Operator Holding Account,"Salzburg AG für Energie, Verkehr und Telekommunikation",36,Salzburg AG LKH Salzburg,FN 51350 s,EFE049,2004-01-02,Combustion installations with a rated thermal input exceeding 20 MW,A
62,Austria,Operator Holding Account,SANDOZ GmbH,6,Sandoz Werk Kundl,FN 50587 v,ICH106,2004-01-01,Combustion of fuels,A
63,Austria,Operator Holding Account,Wienerberger Österreich GmbH,66,Wienerberger Pinkafeld,FN 94684 t,IZI139,2004-01-01,Manufacture of ceramics,A
64,Austria,Operator Holding Account,Tondach Gleinstätten AG,67,Tondach Unterpremstätten,FN 46684 d,IZI135,2004-01-01,Manufacture of ceramics,A
65,Austria,Operator Holding Account,Semperit Reifen Gesellschaft m.b.H.,68,Semperit Reifen Traiskirchen,FN 83449 w,ICH111-1,2004-01-02,Combustion installations with a rated thermal input exceeding 20 MW,C
66,Austria,Operator Holding Account,Papierfabrik Wattens GmbH & Co KG,82,Papierfabrik Wattens,FN 239808 i,IPA079,2004-01-01,Production of paper or cardboard,A
67,Austria,Operator Holding Account,Imerys Carbonates Austria GmbH,71,Imerys Carbonates - Ebensee,FN 107287 a,ICH110,2004-01-01,Combustion of fuels,A
68,Austria,Operator Holding Account,TIWAG-Next Energy Solutions GmbH,90,TIWAG - Lienz,FN 195282 f,EFE058,2004-01-01,Combustion of fuels,A
69,Austria,Operator Holding Account,Stadtwerke Klagenfurt AG,38,STW Klagenfurt FHKW Klagenfurt,FN 199234 t,EFE027,2004-01-02,Combustion of fuels,A
70,Austria,Operator Holding Account,Veitsch-Radex GmbH & Co OG,72,Veitsch-Radex Hochfilzen,FN 221994 m,IFE126,2004-01-01,"Production of lime, or calcination of dolomite/magnesite",A
71,Austria,Operator Holding Account,Energie Klagenfurt GmbH,39,Energie Klagenfurt GmbH Heizwerk Süd,FN 269898 i,EFE057,2004-01-02,Combustion of fuels,A
72,Austria,Operator Holding Account,Bioenergie Kufstein GmbH,89,Bioenergie Kufstein,FN 226474 a,EFE047,2004-01-02,Combustion of fuels,A
73,Austria,Operator Holding Account,Veitsch-Radex GmbH & Co OG,73,Veitsch-Radex Radenthein,FN 221994 m,IFE125,2004-01-01,Manufacture of ceramics,A
74,Austria,Operator Holding Account,Fernwärme St. Pölten GmbH,8,Fernwärme St. Pölten GmbH - FHKW Süd,FN 302796 p,EFE041,2004-01-02,Combustion of fuels,A
75,Austria,Operator Holding Account,Fernwärme St. Pölten GmbH,9,Fernwärme St. Pölten GmbH - FHKW Nord,FN 302796 p,EFE040,2004-01-02,Combustion of fuels,A
76,Austria,Operator Holding Account,Veitsch-Radex GmbH & Co OG,74,Veitsch-Radex Trieben,FN 221994 m,IFE127,2004-01-01,Manufacture of ceramics,A
77,Austria,Operator Holding Account,Energie Steiermark Wärme GmbH,58,Energie Steiermark - FWZ Voitsberg,FN 57546 b,EFE048,2004-01-02,Combustion of fuels,A
78,Austria,Operator Holding Account,Energie Steiermark Wärme GmbH,60,Energie Steiermark - FHKW Graz,FN 57546 b,EFE037,2004-01-01,Combustion of fuels,A
79,Austria,Operator Holding Account,Veitsch-Radex GmbH & Co OG,75,Veitsch-Radex Veitsch,FN 221994 m,IFE128,2004-01-01,Manufacture of ceramics,A
80,Austria,Operator Holding Account,Kelag Energie & Wärme GmbH,104,Kelag Wärme Prolactal Hartberg,FN 68303 x,EFE052,2004-01-02,Combustion of fuels,A
81,Austria,Operator Holding Account,Veitsch-Radex GmbH & Co OG,77,Veitsch-Radex Breitenau,FN 221994 m,IFE130,2004-01-01,"Production of lime, or calcination of dolomite/magnesite",A
82,Austria,Operator Holding Account,Wienerberger Österreich GmbH,111,Wienerberger Knittelfeld (Apfelberg),FN 94684 t,IZI134,2004-01-01,Manufacture of ceramics,A
83,Austria,Operator Holding Account,Wienerberger Österreich GmbH,119,Wienerberger Uttendorf,FN 94684 t,IZI140,2004-01-01,Manufacture of ceramics,A
84,Austria,Operator Holding Account,Wienerberger Österreich GmbH,112,Wienerberger Göllersdorf,FN 94684 t,IZI138,2004-01-01,Manufacture of ceramics,A
85,Austria,Operator Holding Account,Wienerberger Österreich GmbH,113,Wienerberger Hennersdorf,FN 94684 t,IZI132,2004-01-01,Manufacture of ceramics,A
86,Austria,Operator Holding Account,Wienerberger Österreich GmbH,114,Wienerberger Laa Thaya,FN 94684 t,IZI142,2006-02-25,"Installations for the manufacture of ceramic products by firing, in particular roofing tiles, bricks, refractory bricks, tiles, stoneware or porcelain",A
87,Austria,Operator Holding Account,Wienerberger Österreich GmbH,116,Wienerberger Krengelbach Haiding,FN 94684 t,IZI133,2004-01-01,Manufacture of ceramics,A
88,Austria,Operator Holding Account,Wienerberger Österreich GmbH,117,Wienerberger Rotenturm,FN 94684 t,IZI141,2004-01-01,Manufacture of ceramics,A
89,Austria,Operator Holding Account,Wienerberger Österreich GmbH,115,Wienerberger Fürstenfeld,FN 94684 t,IZI136,2004-01-01,Manufacture of ceramics,A
90,Austria,Operator Holding Account,VERBUND Thermal Power GmbH & Co KG,93,Verbund KW 2 Pernegg,FN 220426 g,EEW10-1,2004-01-02,Combustion installations with a rated thermal input exceeding 20 MW,C
91,Austria,Operator Holding Account,VERBUND Thermal Power GmbH & CO KG,94,Verbund KW Dürnrohr Zwentendorf,FN 220426 g,EEW007,2004-01-01,Combustion of fuels,A
92,Austria,Operator Holding Account,VERBUND Thermal Power GmbH & CO KG,95,Verbund KW Korneuburg,FN 220426 g,EEW008,2004-01-01,Combustion of fuels,A
93,Austria,Operator Holding Account,VERBUND Thermal Power GmbH & CO KG,99,Verbund FHKW Mellach,FN 220426 g,EEW009,2004-01-01,Combustion of fuels,A
94,Austria,Operator Holding Account,VERBUND Thermal Power GmbH & CO KG,100,Verbund FHKW Werndorf 1 Wildon,FN 220426 g,EEW013,2004-01-01,Combustion installations with a rated thermal input exceeding 20 MW,A
95,Austria,Operator Holding Account,VERBUND Thermal Power GmbH & CO KG,101,Verbund FHKW Werndorf 2 Wildon,FN 220426 g,EEW014,2004-01-01,Combustion of fuels,A
96,Austria,Operator Holding Account,VERBUND Thermal Power GmbH & CO KG,96,Verbund KW St. Andrä,FN 220426 g,EEW011,2004-01-01,Combustion installations with a rated thermal input exceeding 20 MW,A
97,Austria,Operator Holding Account,VERBUND Thermal Power GmbH & Co KG,97,Verbund KW Voitsberg,FN 220426 g,EEW012,2004-01-02,Combustion installations with a rated thermal input exceeding 20 MW,C
98,Austria,Operator Holding Account,VERBUND Thermal Power GmbH & CO KG,98,Verbund KW Zeltweg,FN 220426 g,EEW015,2004-01-01,Combustion installations with a rated thermal input exceeding 20 MW,A
99,Austria,Operator Holding Account,Sappi Austria Produktions-GmbH & Co. KG,110,Sappi Gratkorn,FN 223882 p,IPA088,2004-01-02,Production of paper or cardboard,A
100,Austria,Operator Holding Account,Vetropack Austria GmbH,10,Vetropack Pöchlarn,FN 101692 y,IGL173,2004-01-01,Manufacture of glass,A
101,Austria,Operator Holding Account,Vetropack Austria GmbH,11,Vetropack Kremsmünster,FN 101692 y,IGL172,2004-01-01,Manufacture of glass,A
102,Austria,Operator Holding Account,WIEN ENERGIE GmbH,84,Wien Energie - KW Simmering 3,FN 215854h,EEW031,2004-01-01,Combustion of fuels,A
103,Austria,Operator Holding Account,WIEN ENERGIE GmbH,85,Wien Energie - KW Donaustadt,FN 215854h,EEW030,2004-01-01,Combustion of fuels,A
104,Austria,Operator Holding Account,WIEN ENERGIE GmbH,86,Wien Energie - KW Leopoldau,FN 215854h,EEW029,2004-01-01,Combustion of fuels,A
105,Austria,Operator Holding Account,voestalpine Stahl Donawitz GmbH,12,Energiepark Donawitz,FN 86361 b,IVA066,2004-01-01,Combustion of fuels,A
106,Austria,Operator Holding Account,w&p Zement GmbH,55,Wietersdorfer & Peggauer Zement Wietersdorf,FN 100805 v,IZE076,2004-01-02,Production of cement clinker,A
107,Austria,Operator Holding Account,voestalpine Stahl Donawitz GmbH,13,voestalpine Stahl Donawitz GmbH,FN 86361 b,IVA065,2004-01-01,Production of pig iron or steel,A
108,Austria,Operator Holding Account,w&p Zement GmbH,56,Wietersdorfer & Peggauer Zement Peggau,FN 100805 v,IZE075,2004-01-02,Production of cement clinker,A
109,Austria,Operator Holding Account,InterCal Austria GmbH,57,InterCal Austria - Kalkwerk Peggau,FN 360583w,IKA122,2004-01-02,"Production of lime, or calcination of dolomite/magnesite",A
110,Austria,Operator Holding Account,Wienerberger Österreich GmbH,107,Wienerberger St. Andrä,FN 94684 t,IZI151,2004-01-01,Manufacture of ceramics,A
111,Austria,Operator Holding Account,voestalpine Stahl GmbH,14,Voestalpine Kokerei Linz,FN 78052 h,IVA063,2004-01-01,Production of coke,A
112,Austria,Operator Holding Account,Baumit GmbH,23,Kalkwerk Wopfing,FN 94709 d,IKA121,2004-01-02,"Production of lime, or calcination of dolomite/magnesite",A
113,Austria,Operator Holding Account,Baumit GmbH,24,Zementwerk Wopfing,FN 94709 d,IZE202,2004-01-02,Production of cement clinker,A
114,Austria,Operator Holding Account,Ziegelwerk Eberschwang Gesellschaft m.b.H.,40,Ziegelwerk Eberschwang,FN 113726 w,IZI158,2004-01-02,Manufacture of ceramics,A
115,Austria,Operator Holding Account,voestalpine Stahl GmbH,15,Voestalpine Kraftwerk Linz,FN 78052 h,IVA064,2004-01-01,Combustion of fuels,A
116,Austria,Operator Holding Account,Ziegelwerk Eder GmbH,52,Ziegelwerk Eder Peuerbach Bruck,FN 523428 y,IZI143,2004-01-02,Manufacture of ceramics,A
117,Austria,Operator Holding Account,Ziegelwerk Eder GmbH,54,Ziegelwerk Eder Weibern,FN 523428 y,IZI144,2004-01-02,Manufacture of ceramics,A
118,Austria,Operator Holding Account,Ziegelwerk Lizzi GmbH,30,Ziegelwerk Lizzi Erlach,FN 171326 a,IZI152,2004-01-01,Manufacture of ceramics,A
119,Austria,Operator Holding Account,Ziegelwerk Pichler Wels Gesellschaft m.b.H.,22,Ziegelwerk Pichler Wels,FN 283213 s,IZI145,2004-01-02,Manufacture of ceramics,A
120,Austria,Operator Holding Account,voestalpine Stahl GmbH,16,Voestalpine Stahl Linz,FN 78052 h,IVA062,2004-01-01,Production of pig iron or steel,A
121,Austria,Operator Holding Account,Vittorio Nicoloso,92,Ziegelwerk Nicoloso Pottenbrunn,110/2/Schu.- Gewerbeschein Mag. St. Pölten,IZI154,2004-01-02,"Installations for the manufacture of ceramic products by firing, in particular roofing tiles, bricks, refractory bricks, tiles, stoneware or porcelain",A
122,Austria,Operator Holding Account,voestalpine Stahl GmbH,17,voestalpine Stahl GmbH - Kalkwerk Steyrling,FN 78052 h,IKA120,2004-01-01,"Production of lime, or calcination of dolomite/magnesite",A
123,Austria,Operator Holding Account,SENFTENBACHER Ziegelwerk Flotzinger GmbH & Co KG,88,Senftenbacher Ziegelwerk,FN 18093 h,IZI156,2004-01-01,Manufacture of ceramics,A
124,Austria,Operator Holding Account,Getzner Textil AG,123,Getzner Textil Bludenz,FN 61295 s,ITE204-1,2004-01-02,Combustion installations with a rated thermal input exceeding 20 MW,C
125,Austria,Operator Holding Account,"Ziegelei Hilti, Mettauer GmbH",70,Hilti Mettauer Götzis,FN 207171 p,IZI147,2004-01-01,"Installations for the manufacture of ceramic products by firing, in particular roofing tiles, bricks, refractory bricks, tiles, stoneware or porcelain",C
126,Austria,Operator Holding Account,Weindl Gesellschaft m.b.H.,29,Ziegelwerk Weindl Steyr,FN 119405 x,IZI160,2004-01-02,"Installations for the manufacture of ceramic products by firing, in particular roofing tiles, bricks, refractory bricks, tiles, stoneware or porcelain",A
127,Austria,Operator Holding Account,MM Frohnleiten GmbH,124,Mayr Melnhof Karton Hirschwang,FN 62874 m,IPA095,2004-01-01,Production of paper or cardboard,A
128,Austria,Operator Holding Account,MM Frohnleiten GmbH,125,Mayr Melnhof Karton Frohnleiten,FN 62874 m,IPA092,2004-01-01,Production of paper or cardboard,A
129,Austria,Operator Holding Account,Norske Skog Bruck GmbH,126,Norske Skog Bruck GmbH,FN 140650 p,IPA091,2004-01-01,Production of pulp,A
130,Austria,Operator Holding Account,Kelag Energie & Wärme GmbH,103,Kelag Wärme St. Magdalen,FN 68303 x,EFE039,2004-01-02,Combustion of fuels,A
131,Austria,Operator Holding Account,Kelag Energie & Wärme GmbH,105,Kelag Wärme Badgastein,FN 68303 x,EFE050,2004-01-02,Combustion installations with a rated thermal input exceeding 20 MW,A
132,Austria,Operator Holding Account,Walther GmbH,102,Inn Crystal Glass Braunau,FN 350971i,IGL175,2004-01-02,Installations for the manufacture of glass including glass fibre,C
133,Austria,Operator Holding Account,EVN Wärme GmbH,127,EVN FHKW Wr. Neustadt,FN 307421 s,EFE034,2005-08-01,Combustion of fuels,A
134,Austria,Operator Holding Account,EVN Wärme GmbH,128,EVN FHW Baden,FN 307421 s,EFE032,2005-12-15,Combustion of fuels,A
135,Austria,Operator Holding Account,EVN Wärme GmbH,129,EVN FHW Palmers Wr. Neudorf,FN 307421 s,EFE033,2005-03-16,Combustion of fuels,A
136,Austria,Operator Holding Account,MSD Animal Health Danube Biotech GmbH,130,EVN Baxter Krems,FN 475647 g,ICH115,2004-01-02,Combustion of fuels,C
137,Austria,Operator Holding Account,EVN Wärme GmbH,131,EVN COGEN  Agrana Tulln,FN 307421 s,ILE168,2005-06-28,Combustion of fuels,A
138,Austria,Operator Holding Account,EVN Wärme GmbH,132,EVN FHKW Mödling,FN 307421 s,EEW019,2005-03-31,Combustion of fuels,A
139,Austria,Operator Holding Account,EVN Wärme GmbH,133,EVN Cogen Salzer St. Pölten,FN 307421 s,EEW020,2004-11-19,Combustion of fuels,A
140,Austria,Operator Holding Account,EVN Wärmekraftwerke GmbH,134,EVN Kraftwerk Theiß,FN 213432 x,EEW006,2005-06-07,Combustion of fuels,A
141,Austria,Operator Holding Account,EVN Wärmekraftwerke GmbH,135,EVN Kraftwerk Dürnrohr,FN 213432 x,EEW004,2005-04-04,Combustion of fuels,A
142,Austria,Operator Holding Account,EVN Wärmekraftwerke GmbH,136,EVN Kraftwerk Korneuburg,FN 213432 x,EEW005,2005-03-25,Combustion of fuels,A
143,Austria,Operator Holding Account,EVN Wärme GmbH,137,EVN BHKW Krankenhaus Mistelbach,FN 307421 s,EEW018,2004-12-27,Combustion of fuels,A
144,Austria,Operator Holding Account,W. Hamburger GmbH,138,Papierfabrik Hamburger Pitten,FN 174465t,IPA082,2004-01-01,Production of paper or cardboard,A
145,Austria,Operator Holding Account,voestalpine BÖHLER Edelstahl GmbH & Co KG,140,Verbrennungsanlagen Böhler Edelstahl Kapfenberg,FN 294435 v,IES068,2004-01-02,Combustion installations with a rated thermal input exceeding 20 MW,A
146,Austria,Operator Holding Account,voestalpine BÖHLER Edelstahl GmbH & Co KG,139,Stahlproduktion Böhler Edelstahl Kapfenberg,FN 294435 v,IES067,2004-01-01,Production of pig iron or steel,A
147,Austria,Operator Holding Account,Ziegelwerk Pichler Wels Gesellschaft m.b.H.,141,Ziegelwerk Pichler Neuhofen,FN 283213 s,IZI153,2004-01-02,Manufacture of ceramics,A
148,Austria,Operator Holding Account,Jungbunzlauer Austria AG,142,Jungbunzlauer Wulzeshofen,FN 111075 x,ICH107,2004-01-01,Combustion of fuels,A
149,Austria,Operator Holding Account,Chamottewaren- und Thonöfenfabrik Aug. Rath  jun. GmbH,143,Aug. Rath jun. GmbH,FN 82124x,IFE129,2004-01-01,Manufacture of ceramics,A
150,Austria,Operator Holding Account,W. Hamburger GmbH,144,Mondi Packaging Frohnleiten,FN 174465t,IPA093,2004-01-01,Production of paper or cardboard,A
151,Austria,Operator Holding Account,GasserKunert GmbH,145,Kunert Rankweil,FN 357610y,ICH205,2004-01-02,Combustion installations with a rated thermal input exceeding 20 MW,A
152,Austria,Operator Holding Account,Leitl Spannton Gesellschaft m.b.H.,146,Leitl Spannton GmbH,FN 79245 M,IZI149,2004-01-02,Manufacture of ceramics,A
153,Austria,Operator Holding Account,Lenzing AG,147,Lenzing AG - Energieanlagen,FN 96 499 K,ICH117,2004-01-01,Production of pulp,A
154,Austria,Operator Holding Account,Ganahl Aktiengesellschaft,167,Rondo Ganahl Frastanz,FN 64499 b,IPA081,2004-01-01,Production of paper or cardboard,A
155,Austria,Operator Holding Account,Brau Union Österreich Aktiengesellschaft,175,Brau Union Puntigam Graz,FN 77559 h,ILE171,2005-02-17,Combustion installations with a rated thermal input exceeding 20 MW,A
156,Austria,Operator Holding Account,Brau Union Österreich Aktiengesellschaft,176,Brau Union Göss Leoben,FN 77559 h,ILE170,2005-07-05,Combustion installations with a rated thermal input exceeding 20 MW,A
157,Austria,Operator Holding Account,Laakirchen Papier AG,168,Laakirchen Papier AG,FN 171841 h,IPA101,2004-01-01,Production of paper or cardboard,A
158,Austria,Operator Holding Account,Dr. Franz Feurstein Gesellschaft m.b.H.,159,Feinpapier Feurstein Traun,FN 79815 a,IPA096,2004-01-02,Production of paper or cardboard,A
159,Austria,Operator Holding Account,Lenzing Fibers GmbH,184,Lenzing Fibers GmbH,FN 129218 b,ICH116,2005-05-25,Combustion of fuels,A
160,Austria,Operator Holding Account,BMW Motoren GmbH,198,BMW Motoren Steyr,FN 153093 m,IMS196,2005-04-07,Combustion of fuels,A
161,Austria,Operator Holding Account,Kelag Energie & Wärme GmbH,151,Kelag Wärme Scheydgasse Wien,FN 68303 x,EFE054,2004-01-02,Combustion installations with a rated thermal input exceeding 20 MW,A
162,Austria,Operator Holding Account,Kelag Energie & Wärme GmbH,152,Kelag Wärme Linz Bindermichl,FN 68303 x,EFE056,2004-01-02,Combustion of fuels,A
163,Austria,Operator Holding Account,Kelag Energie & Wärme GmbH,153,Kelag Wärme Pinkafeld,FN 68303 x,EFE055,2004-01-02,Combustion installations with a rated thermal input exceeding 20 MW,A
164,Austria,Operator Holding Account,Semperit Technische Produkte Gesellschaft m.b.H.,185,Semperit Technische Produkte Wimpassing,FN 36912 h,ICH104,2004-01-02,Combustion of fuels,A
165,Austria,Operator Holding Account,Profümed GmbH,166,Profümed GmbH - Grimmenstein,FN 421016 t,IPA100,2006-06-22,Production of paper or cardboard,A
166,Austria,Operator Holding Account,Pappenfabrik Timmersdorf GmbH,165,Pappenfabrik Timmersdorf,FN 176954 b,IPA97-1,2004-01-02,Industrial plants for the production of (a) pulp from timber or other fibrous materials (b) paper and board,C
167,Austria,Operator Holding Account,Brigl & Bergmeister GmbH,158,Brigl & Bergmeister Niklasdorf,FN 331483a,IPA094,2005-07-05,Production of paper or cardboard,A
168,Austria,Operator Holding Account,Schretter & Cie GmbH & Co KG,156,Schretter & Cie (Zement) Vils,FN 18233 p,IZE071,2004-01-01,Production of cement clinker,A
169,Austria,Operator Holding Account,Schretter & Cie GmbH & Co KG,173,Schretter & Cie (Kalk) Vils,FN 18233 p,IKA123,2004-01-01,"Production of lime, or calcination of dolomite/magnesite",A
170,Austria,Operator Holding Account,Essity Austria GmbH,169,Essity Ortmann,FN 49537 z,IPA080,2004-01-02,Production of paper or cardboard,A
171,Austria,Operator Holding Account,Wiesner-Hager Zentrale Dienste G.m.b.H.,197,Wiesner-Hager Altheim,FN 116025 a,IHO190,2004-01-02,Combustion installations with a rated thermal input exceeding 20 MW,A
172,Austria,Operator Holding Account,Stoelzle Oberglas GmbH,181,Stölzle-Oberglas Bärnbach,FN 63600 f,IGL177-1,2004-01-02,Installations for the manufacture of glass including glass fibre,C
173,Austria,Operator Holding Account,Stoelzle Oberglas GmbH,182,Stölzle-Oberglas Köflach,FN 63600 f,IGL176,2004-01-02,Manufacture of glass,A
174,Austria,Operator Holding Account,Spezialpappenfabrik Rosegg Betriebs GmbH,170,Spezialpapierfabrik Rosegg Koglhof,FN 38675 a,IPA99-1,2004-01-02,Industrial plants for the production of (a) pulp from timber or other fibrous materials (b) paper and board,C
175,Austria,Operator Holding Account,Mondi Neusiedler GmbH,162,Neusiedler Hausmening,FN 224630 p,IPA083,2004-01-01,Production of paper or cardboard,A
176,Austria,Operator Holding Account,Ybbstaler Zellstoff GmbH,164,Neusiedler Zellstoff Kematen,FN 159918 z,IPA085,2004-01-01,Production of pulp,A
177,Austria,Operator Holding Account,Mondi Neusiedler GmbH,163,Neusiedler Kematen,FN 224630 p,IPA084,2004-01-01,Production of paper or cardboard,A
178,Austria,Operator Holding Account,Leube Zement GmbH,203,Leube Zement GmbH - Kalkwerk,FN 34661 y,IKA124,2004-01-01,"Production of lime, or calcination of dolomite/magnesite",A
179,Austria,Operator Holding Account,Leube Zement GmbH,157,Leube Zement GmbH - Zementwerk,FN 34661 y,IZE078,2004-01-01,Production of cement clinker,A
180,Austria,Operator Holding Account,FunderMax GmbH,193,Funder Werk 4 St. Veit/Glan,FN 90081 y,IHO183-1,2004-01-02,Combustion installations with a rated thermal input exceeding 20 MW,C
181,Austria,Operator Holding Account,FunderMax GmbH,192,FunderMax St. Veit,FN 90081 y,IHO182,2005-09-05,Combustion of fuels,A
182,Austria,Operator Holding Account,FunderMax GmbH,191,FunderMax Neudörfl,FN 90081 y,IHO189,2005-07-01,Combustion of fuels,A
183,Austria,Operator Holding Account,Zellstoff Pöls Aktiengesellschaft,172,Zellstoff Pöls,FN 200511 w,IPA103,2004-01-01,Production of pulp,A
184,Austria,Operator Holding Account,MAGNA STEYR Fahrzeugtechnik GmbH & Co KG,200,Magna Steyr Werk 2 Graz,FN 187417 p,IMS198,2004-01-01,Combustion of fuels,A
185,Austria,Operator Holding Account,MAGNA STEYR Fahrzeugtechnik GmbH & Co KG,199,Magna Steyr Werk 1 Graz,FN 187417 p,IMS197,2004-01-01,Combustion of fuels,A
186,Austria,Operator Holding Account,Mondi Frantschach GmbH,160,Frantschach St. Gertraud,FN 112934 f,IPA086,2005-06-09,Production of paper or cardboard,A
187,Austria,Operator Holding Account,Comelli-Ziegel Gesellschaft m.b.H.,174,Comelli Ziegel Kirchbach-Maxendorf,FN 31740 b,IZI157,2005-06-06,Manufacture of ceramics,A
188,Austria,Operator Holding Account,Energie AG Oberösterreich Umwelt Service GmbH,148,Energie AG FHKW Wels,FN 97685 f,EEW028,2004-01-01,Combustion of fuels,A
189,Austria,Operator Holding Account,Saint-Gobain Isover Austria GmbH,180,Saint-Gobain Isover Austria,FN 58044 i,IGL181,2004-01-01,Manufacture of glass,A
190,Austria,Operator Holding Account,TKV Oberösterreich GmbH,186,OÖ Tierkörperverwertung Regau,FN 363547d,ILE164,2004-01-01,Combustion installations with a rated thermal input exceeding 20 MW,A
191,Austria,Operator Holding Account,UPM-Kymmene Austria GmbH,171,UPM Kymmene Steyrermühl,FN 102055 g,IPA087,2004-01-01,Production of paper or cardboard,A
192,Austria,Operator Holding Account,Umdasch AG,196,Umdasch Amstetten,FN 101743 y,IHO188,2004-01-02,Combustion installations with a rated thermal input exceeding 20 MW,C
193,Austria,Operator Holding Account,D. Swarovski KG,64,Swarovski Wattens,FN 22150 z,IGL179,2004-01-02,Manufacture of glass,A
194,Austria,Operator Holding Account,Stahl- und Walzwerk Marienhütte Gesellschaft m.b.H.,155,Stahlwerk Marienhütte GmbH,FN 53523 k,IES070,2004-01-01,Production of pig iron or steel,A
195,Austria,Operator Holding Account,Technoglas Produktions-Gesellschaft m.b.H.,183,Technoglas Voitsberg,FN 62234 x,IGL174,2004-01-02,Manufacture of glass,A
196,Austria,Operator Holding Account,RAUCH Fruchtsäfte GmbH & Co OG,187,Rauch Nüziders,FN 200147 i,ILE167,2004-01-01,Combustion of fuels,A
197,Austria,Operator Holding Account,Merckens Karton- und Pappenfabrik GmbH,161,Merckens Karton- und Pappenfabrik GmbH,FN 195108 z,IPA098,2004-01-02,Production of pulp,A
198,Austria,Operator Holding Account,Fritz Egger GmbH. & Co. OG,190,Fritz Egger Wörgl,FN 141709x,IHO185,2005-07-06,Combustion of fuels,A
199,Austria,Operator Holding Account,Fritz Egger GmbH. & Co. OG,189,Fritz Egger Unterradlberg,FN 141709x,IHO186,2004-11-19,Combustion of fuels,A
